{
  "pr_auc": 0.8254128513762274,
  "recall_at_p90": 0.7972972972972973,
  "threshold": 0.4574119560420513,
  "confusion_matrix": [
    [
      42642,
      6
    ],
    [
      15,
      59
    ]
  ],
  "classification_report": {
    "0": {
      "precision": 0.9996483578310711,
      "recall": 0.9998593134496342,
      "f1-score": 0.999753824512045,
      "support": 42648.0
    },
    "1": {
      "precision": 0.9076923076923077,
      "recall": 0.7972972972972973,
      "f1-score": 0.8489208633093526,
      "support": 74.0
    },
    "accuracy": 0.9995084499789336,
    "macro avg": {
      "precision": 0.9536703327616893,
      "recall": 0.8985783053734657,
      "f1-score": 0.9243373439106988,
      "support": 42722.0
    },
    "weighted avg": {
      "precision": 0.9994890781224837,
      "recall": 0.9995084499789336,
      "f1-score": 0.9994925624192357,
      "support": 42722.0
    }
  }
}